,Model,MSE,RMSE,MAE,R2 Score
0,Lasso,0.012890631731100936,0.11353691792144499,0.08962137190123796,0.4870157729887934
0,LinearRegression,0.012739357625290689,0.11286876284114523,0.08911505224971977,0.49303574406970285
0,Ridge,0.012739357557711058,0.11286876254177264,0.08911506234789175,0.49303574675904227
0,ElisctNet,0.012821318628945587,0.11323126171223911,0.08943723540356947,0.48977409615499823
0,BayesianRidge,0.012739354438117214,0.11286874872220926,0.08911595155271301,0.4930358709036513
0,ARDRegression,0.012741927707762798,0.11288014753606056,0.08912267088788546,0.4929334673312301
0,SGDRegression,0.012775521086223282,0.1130288506808031,0.08953729108051853,0.49159661482921746
0,HuberRegressor,0.013234858002631288,0.1150428528967849,0.08760132308421903,0.47331724746254544
