,Model,MSE,RMSE,MAE,R2 Score
0,MLPRegressor (Red Neuronal),0.0010674336049497943,0.032671602423967425,0.025733373919401586,0.9575213523942484
0,RANSACRegressor,0.001040261353266916,0.032253082849038106,0.02306020075250942,0.9586026753903949
