,Model,MSE,RMSE,MAE,R2 Score
0,KNeighborsRegressor,0.001040261353266916,0.032253082849038106,0.02306020075250942,0.9586026753903949
0,DecisionTreeRegressor,0.00033919460868260857,0.018417236727658375,0.007713640170502197,0.9865017100968289
0,ExtraTreeRegressor,0.0006120387848598107,0.024739417633804776,0.013965765197064987,0.9756438435678301
