,Model,MSE,RMSE,MAE,R2 Score
0,RandomForestRegressor,0.00023422812090151195,0.015304513089331263,0.010112481406017651,0.9906788639958541
0,ExtraTreesRegressor,0.0002203325794572432,0.014843603991525886,0.00829322341529284,0.9912318387247414
0,GradientBoostingRegressor,0.0003051444857274119,0.017468385321128335,0.006580763167708588,0.9878567388004778
0,HistGradientBoostingRegressor,0.00024698752044597397,0.015715836612982904,0.012418656841103964,0.9901711021693603
0,AdaBoostRegressor,0.00022027415342691772,0.014841635806976188,0.005025212815160229,0.9912341637955858
0,BaggingRegressor,0.0002220553251915649,0.014901520901960473,0.007927917848973141,0.991163281852798
